<?xml version="1.0" encoding="UTF-8"?><rss version="2.0"
	xmlns:content="http://purl.org/rss/1.0/modules/content/"
	xmlns:dc="http://purl.org/dc/elements/1.1/"
	xmlns:atom="http://www.w3.org/2005/Atom"
	xmlns:sy="http://purl.org/rss/1.0/modules/syndication/"
	
	>
<channel>
	<title>
	Comments for Worpress Example One	</title>
	<atom:link href="http://https://github.com/steven-14/Digital-Portfolio/tree/gh-pages2/example_4_wordpress/comments/feed/" rel="self" type="application/rss+xml" />
	<link>http://https://github.com/steven-14/Digital-Portfolio/tree/gh-pages2/example_4_wordpress</link>
	<description>Portfolio Wordpress</description>
	<lastBuildDate>Fri, 04 Nov 2016 00:44:33 +0000</lastBuildDate>
	<sy:updatePeriod>
	hourly	</sy:updatePeriod>
	<sy:updateFrequency>
	1	</sy:updateFrequency>
	<generator>https://wordpress.org/?v=6.1.1</generator>
	<item>
		<title>
		Comment on Nulla metus metus ullamcorper vel tincidunt by OceanWP		</title>
		<link>http://https://github.com/steven-14/Digital-Portfolio/tree/gh-pages2/example_4_wordpress/2016/10/25/nulla-metus-metus-ullamcorper-vel-tincidunt/#comment-3</link>

		<dc:creator><![CDATA[OceanWP]]></dc:creator>
		<pubDate>Fri, 04 Nov 2016 00:44:33 +0000</pubDate>
		<guid isPermaLink="false">http://lawyer2.mythemecloud.io/?p=223#comment-3</guid>

					<description><![CDATA[Integer nec odio. Praesent libero. Sed cursus ante dapibus diam. Sed nisi. Nulla quis sem at nibh elementum imperdiet. Duis sagittis ipsum.]]></description>
			<content:encoded><![CDATA[<p>Integer nec odio. Praesent libero. Sed cursus ante dapibus diam. Sed nisi. Nulla quis sem at nibh elementum imperdiet. Duis sagittis ipsum.</p>
]]></content:encoded>
		
			</item>
		<item>
		<title>
		Comment on Quis ligula lacinia aliquet mauris ipsum by OceanWP		</title>
		<link>http://https://github.com/steven-14/Digital-Portfolio/tree/gh-pages2/example_4_wordpress/2016/10/25/quis-ligula-lacinia-aliquet-mauris-ipsum/#comment-2</link>

		<dc:creator><![CDATA[OceanWP]]></dc:creator>
		<pubDate>Fri, 04 Nov 2016 00:44:27 +0000</pubDate>
		<guid isPermaLink="false">http://lawyer2.mythemecloud.io/?p=221#comment-2</guid>

					<description><![CDATA[Integer nec odio. Praesent libero. Sed cursus ante dapibus diam. Sed nisi. Nulla quis sem at nibh elementum imperdiet. Duis sagittis ipsum.]]></description>
			<content:encoded><![CDATA[<p>Integer nec odio. Praesent libero. Sed cursus ante dapibus diam. Sed nisi. Nulla quis sem at nibh elementum imperdiet. Duis sagittis ipsum.</p>
]]></content:encoded>
		
			</item>
		<item>
		<title>
		Comment on Luctus non massa fusce ac turpis quis by OceanWP		</title>
		<link>http://https://github.com/steven-14/Digital-Portfolio/tree/gh-pages2/example_4_wordpress/2016/10/25/luctus-non-massa-fusce-ac-turpis-quis/#comment-4</link>

		<dc:creator><![CDATA[OceanWP]]></dc:creator>
		<pubDate>Fri, 04 Nov 2016 00:44:13 +0000</pubDate>
		<guid isPermaLink="false">http://lawyer2.mythemecloud.io/?p=225#comment-4</guid>

					<description><![CDATA[Integer nec odio. Praesent libero. Sed cursus ante dapibus diam. Sed nisi. Nulla quis sem at nibh elementum imperdiet. Duis sagittis ipsum.]]></description>
			<content:encoded><![CDATA[<p>Integer nec odio. Praesent libero. Sed cursus ante dapibus diam. Sed nisi. Nulla quis sem at nibh elementum imperdiet. Duis sagittis ipsum.</p>
]]></content:encoded>
		
			</item>
		<item>
		<title>
		Comment on Conubia nostra per inceptos himenaeos by OceanWP		</title>
		<link>http://https://github.com/steven-14/Digital-Portfolio/tree/gh-pages2/example_4_wordpress/2016/10/25/conubia-nostra-per-inceptos-himenaeos/#comment-5</link>

		<dc:creator><![CDATA[OceanWP]]></dc:creator>
		<pubDate>Fri, 04 Nov 2016 00:43:35 +0000</pubDate>
		<guid isPermaLink="false">http://lawyer2.mythemecloud.io/?p=229#comment-5</guid>

					<description><![CDATA[Integer nec odio. Praesent libero. Sed cursus ante dapibus diam. Sed nisi. Nulla quis sem at nibh elementum imperdiet. Duis sagittis ipsum.]]></description>
			<content:encoded><![CDATA[<p>Integer nec odio. Praesent libero. Sed cursus ante dapibus diam. Sed nisi. Nulla quis sem at nibh elementum imperdiet. Duis sagittis ipsum.</p>
]]></content:encoded>
		
			</item>
	</channel>
</rss>
