<?xml version="1.0" encoding="UTF-8"?><rss version="2.0"
	xmlns:content="http://purl.org/rss/1.0/modules/content/"
	xmlns:dc="http://purl.org/dc/elements/1.1/"
	xmlns:atom="http://www.w3.org/2005/Atom"
	xmlns:sy="http://purl.org/rss/1.0/modules/syndication/"
	
	>
<channel>
	<title>
	Comments on: Cras metus sed aliquet risus a tortor	</title>
	<atom:link href="http://https://github.com/steven-14/Digital-Portfolio/tree/gh-pages2/example_4_wordpress/2016/10/25/cras-metus-sed-aliquet-risus-a-tortor/feed/" rel="self" type="application/rss+xml" />
	<link>http://https://github.com/steven-14/Digital-Portfolio/tree/gh-pages2/example_4_wordpress/2016/10/25/cras-metus-sed-aliquet-risus-a-tortor/</link>
	<description>Portfolio Wordpress</description>
	<lastBuildDate>Tue, 25 Oct 2016 17:03:13 +0000</lastBuildDate>
	<sy:updatePeriod>
	hourly	</sy:updatePeriod>
	<sy:updateFrequency>
	1	</sy:updateFrequency>
	<generator>https://wordpress.org/?v=6.1.1</generator>
</channel>
</rss>
